url,datetime,tweet_Id,conversation_ID,text,username,displayname,reply_count,retweet_count,quote_count,retweeted_tweet,quoted_tweet,mentioned_users,originalTweetContent,originalUsernamePost,agreement,TopKeyword,SourceModularity,TargetModularity,edge_bet
https://twitter.com/BarnyStutzman/status/1346586505763053569,2021-01-05 22:36:55,1346586505763053569,1346535688733265921,@JoeBiden @LuluAndToes Is this hot line to tell people to vote 5 times nothing surprises me out of the democrats,BarnyStutzman,barney from Venezuela,0,0,0,,,https://twitter.com/JoeBiden,"Georgia ‚Äî If you have any questions today while voting, reach out to the Voter Protection Hotline: 1-888-730-5816",JoeBiden,1,hot line,2,1,4.62908e-05
https://twitter.com/BarnyStutzman/status/1346586505763053569,2021-01-05 22:36:55,1346586505763053569,1346535688733265921,@JoeBiden @LuluAndToes Is this hot line to tell people to vote 5 times nothing surprises me out of the democrats,BarnyStutzman,barney from Venezuela,0,0,0,,,https://twitter.com/LuluAndToes,"Georgia ‚Äî If you have any questions today while voting, reach out to the Voter Protection Hotline: 1-888-730-5816",JoeBiden,1,hot line,2,1,4.62908e-05
https://twitter.com/briankoski/status/1346491062819418112,2021-01-05 16:17:40,1346491062819418112,1346271447346507788,@keenie2020 @listenclosely00 Democrats spent 4 years undermining our elections. Why are they opposed to a 10 day commission to investigate whether or not our elections were actually undermined by widespread fraud?,briankoski,President-elect Dr. mol·πën lab√©,1,0,0,,,,"In America, politicians can‚Äôt assert, take, or seize power.

It has to be given by the American people.

We can‚Äôt ever give that up. The will of the people must always prevail.",JoeBiden,1,Democrats spent,5,1,6.39964e-05
https://twitter.com/briankoski/status/1346490767334920194,2021-01-05 16:16:30,1346490767334920194,1346271447346507788,@snitstwits @JoeBiden Democrats spent 4 years undermining our elections. Why are they opposed to a 10 day commission to investigate whether or not our elections were actually undermined by widespread fraud?,briankoski,President-elect Dr. mol·πën lab√©,0,0,0,,,https://twitter.com/snitstwits,"In America, politicians can‚Äôt assert, take, or seize power.

It has to be given by the American people.

We can‚Äôt ever give that up. The will of the people must always prevail.",JoeBiden,1,Democrats,5,1,6.39964e-05
https://twitter.com/briankoski/status/1346490767334920194,2021-01-05 16:16:30,1346490767334920194,1346271447346507788,@snitstwits @JoeBiden Democrats spent 4 years undermining our elections. Why are they opposed to a 10 day commission to investigate whether or not our elections were actually undermined by widespread fraud?,briankoski,President-elect Dr. mol·πën lab√©,0,0,0,,,https://twitter.com/JoeBiden,"In America, politicians can‚Äôt assert, take, or seize power.

It has to be given by the American people.

We can‚Äôt ever give that up. The will of the people must always prevail.",JoeBiden,1,Democrats,5,1,6.39964e-05
https://twitter.com/bobbyjoe57/status/1346527952066940930,2021-01-05 18:44:15,1346527952066940930,1346219028646391810,@Jim_Jordan Already seeing Georgia starting to win on democrats i truly think Stacy Abrams is cause of it and fraud,bobbyjoe57,bobby harris,0,0,0,,,https://twitter.com/Jim_Jordan,"Democrats want to take away your:

-Guns
-Police 
-Private health insurance
-Hard earned money 
-Plastic straws
-Thanksgiving
-Christmas 

And now? They don‚Äôt want you to say or use the words ‚Äúmother,‚Äù ‚Äúfather,‚Äù ‚Äúson,‚Äù or ‚Äúdaughter.‚Äù",Jim_Jordan,1,Stacy Abrams,5,4,5.62977e-05
https://twitter.com/RWalendziak/status/1346599391503605760,2021-01-05 23:28:08,1346599391503605760,1346590706832465922,@KLoeffler Democrats get out and VOTE,RWalendziak,hoppy57,0,0,0,,,https://twitter.com/KLoeffler,"Georgia ‚Äî are you ready? 

It‚Äôs time to Hold The Line.

It‚Äôs time to Save Our Country üá∫üá∏ 

POLLS ARE OPEN UNTIL 7 PM!",KLoeffler,1,Democrats,6,3,1.48553e-05
https://twitter.com/mabelruiz2000/status/1346575433710579717,2021-01-05 21:52:56,1346575433710579717,1346575334699921409,@Perduesenate THE COMMUNIST DEMOCRATS HAS USED THE DOMINION SOFTWARE TO STEAL USA ELECTION AND IT HAS TO BE REMOVED IN ALL THE STATES. IN GEORGIA ELECTION SHOULD BE MANUALLY CASTED OR MAKE SURE A LOT OF POLL WATCHERS ARE PRESENT 24/7.,mabelruiz2000,STOLEN ELECTION 2020,0,0,0,,,,"Six years ago, I went to Washington to change things. And that‚Äôs exactly what we‚Äôve done.

Let‚Äôs do it for six more years, Georgia ‚Äì for the sake of our children, and our children‚Äôs children, and the future of our Republic. 

There‚Äôs still time. VOTE. #GASen #gapol https://t.co/mOUXbMr93e",DavidPerdueGA,-1,COMMUNIST DEMOCRATS,6,3,1.48553e-05
https://twitter.com/mabelruiz2000/status/1346575545572712448,2021-01-05 21:53:22,1346575545572712448,1346515195653480450,@JudiciaryGOP @RepJerryNadler .THE COMMUNIST DEMOCRATS HAS USED THE DOMINION SOFTWARE TO STEAL USA ELECTION AND IT HAS TO BE REMOVED IN ALL THE STATES. IN GEORGIA ELECTION SHOULD BE MANUALLY CASTED OR MAKE SURE A LOT OF POLL WATCHERS ARE PRESENT 24/7.,mabelruiz2000,STOLEN ELECTION 2020,0,0,0,,,https://twitter.com/JudiciaryGOP,"In 2005, @RepJerryNadler argued that the ""right to vote [had] been stolen from qualified voters."" 

60 million Americans think that happened in 2020. 

So why won't Chairman Nadler investigate now? https://t.co/aS3FZd6hSi",JudiciaryGOP,1,COMMUNIST DEMOCRATS,6,29,7.977400000000001e-06
https://twitter.com/mabelruiz2000/status/1346575545572712448,2021-01-05 21:53:22,1346575545572712448,1346515195653480450,@JudiciaryGOP @RepJerryNadler .THE COMMUNIST DEMOCRATS HAS USED THE DOMINION SOFTWARE TO STEAL USA ELECTION AND IT HAS TO BE REMOVED IN ALL THE STATES. IN GEORGIA ELECTION SHOULD BE MANUALLY CASTED OR MAKE SURE A LOT OF POLL WATCHERS ARE PRESENT 24/7.,mabelruiz2000,STOLEN ELECTION 2020,0,0,0,,,https://twitter.com/RepJerryNadler,"In 2005, @RepJerryNadler argued that the ""right to vote [had] been stolen from qualified voters."" 

60 million Americans think that happened in 2020. 

So why won't Chairman Nadler investigate now? https://t.co/aS3FZd6hSi",JudiciaryGOP,1,COMMUNIST DEMOCRATS,6,29,7.977400000000001e-06
https://twitter.com/mabelruiz2000/status/1346564633214251011,2021-01-05 21:10:01,1346564633214251011,1345765322519949315,@sendavidperdue THE COMMUNIST DEMOCRATS HAS USED THE DOMINION SOFTWARE TO STEAL USA ELECTION AND IT HAS TO BE REMOVED IN ALL THE STATES. IN GEORGIA ELECTION SHOULD BE MANUALLY CASTED OR MAKE SURE A LOT OF POLL WATCHERS ARE PRESENT 24/7.,mabelruiz2000,STOLEN ELECTION 2020,0,0,0,,,https://twitter.com/sendavidperdue,"From deepening the Port of Savannah, to rebuilding the military, to delivering COVID relief, I‚Äôve been focused on getting results for ALL Georgians. https://t.co/6kkHnd3aNm",sendavidperdue,1,COMMUNIST DEMOCRATS,6,29,7.977400000000001e-06
https://twitter.com/JamesDavidNY/status/1346569931882688512,2021-01-05 21:31:04,1346569931882688512,1346569783953731584,@DonaldJTrumpJr @realDonaldTrump The damage that the democrats are causing to our election system is catastrophic and they can‚Äôt get away with it! If we don‚Äôt take this very opportunity to fix it we probably won‚Äôt ever have another. We won‚Äôt ever have another president with the skin to risk it all like Trump!!,JamesDavidNY,James David,1,0,0,,,https://twitter.com/DonaldJTrumpJr,"*Except he did the exact same thing on a few other occasions. Minor details. 

Remember if it‚Äôs against @realDonaldTrump there is no consequence. If it was against Joe Biden he‚Äôd never work in DC again.",DonaldJTrumpJr,1,election system,8,6,2.64832e-05
https://twitter.com/JamesDavidNY/status/1346569931882688512,2021-01-05 21:31:04,1346569931882688512,1346569783953731584,@DonaldJTrumpJr @realDonaldTrump The damage that the democrats are causing to our election system is catastrophic and they can‚Äôt get away with it! If we don‚Äôt take this very opportunity to fix it we probably won‚Äôt ever have another. We won‚Äôt ever have another president with the skin to risk it all like Trump!!,JamesDavidNY,James David,1,0,0,,,https://twitter.com/realDonaldTrump,"*Except he did the exact same thing on a few other occasions. Minor details. 

Remember if it‚Äôs against @realDonaldTrump there is no consequence. If it was against Joe Biden he‚Äôd never work in DC again.",DonaldJTrumpJr,1,election system,8,6,2.64832e-05
https://twitter.com/JamesDavidNY/status/1346577689247936525,2021-01-05 22:01:53,1346577689247936525,1346577340978102272,@SenTedCruz The damage that the democrats are causing to our election system is catastrophic and they can‚Äôt get away with it! If we don‚Äôt take this very opportunity to fix it we probably won‚Äôt ever have another. We won‚Äôt ever have another president with the skin to risk it all like Trump!!,JamesDavidNY,James David,0,0,0,,,https://twitter.com/SenTedCruz,"My colleagues &amp; I are calling for an electoral commission, a forum that has credibility, that is impartial, &amp; that can assess voter fraud claims on the merits. This is a reasonable position that derives from the Constitution, from federal statute, &amp; from historical precedent. https://t.co/4kroNFRFMJ",SenTedCruz,1,election system,8,28,3.7565300000000004e-05
https://twitter.com/tara_aria/status/1346580023441035269,2021-01-05 22:11:10,1346580023441035269,1346560842888749056,"@charliekirk11 At this historical  moment Americans need to come together to take a stand against Corrupt Democrats fraud and favor of truth. To choose  great President Trump  over communism  and Hypocrites  Corrupt Democrats, to choose good over evil.üá∫üá∏üá∫üá∏üá∫üá∏üá∫üá∏üá∫üá∏üá∫üá∏üá∫üá∏üá∫üá∏üá∫üá∏üá∫üá∏üá∫üá∏üá∫üá∏üá∫üá∏üá∫üá∏üá∫üá∏üá∫üá∏üá∫üá∏",tara_aria,Tara Aria,0,0,0,,,https://twitter.com/charliekirk11,"Not too late to vote in GA!

We must win these two seats for Kelly Loeffler and David Perdue!",charliekirk11,1,Corrupt Democrats,8,32,4.9215600000000004e-05
https://twitter.com/tara_aria/status/1346528766961586176,2021-01-05 18:47:29,1346528766961586176,1346524105105838080,"@charliekirk11 At this historical  moment Americans need to come together to take a stand against Corrupt Democrats fraud and favor of truth. To choose  great President Trump  over communism  and Hypocrites  Corrupt Democrats, to choose good over evil.üá∫üá∏üá∫üá∏üá∫üá∏üá∫üá∏üá∫üá∏üá∫üá∏üá∫üá∏üá∫üá∏üá∫üá∏üá∫üá∏üá∫üá∏üá∫üá∏üá∫üá∏üá∫üá∏üá∫üá∏üá∫üá∏üá∫üá∏",tara_aria,Tara Aria,1,0,0,,,https://twitter.com/charliekirk11,"Hillary Clinton 2005‚Äîon objecting to the election results:

""I commend the senator from California for ... raising the objection because it does permit us to air some of these issues‚Äîsomething that I believe is necessary for the smooth functioning of our democracy""

ü§î https://t.co/rzcAlrAaY6",charliekirk11,1,Corrupt Democrats,8,32,4.9215600000000004e-05
https://twitter.com/arnion2/status/1346600696020406273,2021-01-05 23:33:19,1346600696020406273,1346545059764826112,@FoxNews Plagerism appears to be contagious among Democrats‚ÄºÔ∏è‚ÄºÔ∏è,arnion2,Patti,0,0,0,,,https://twitter.com/FoxNews,"Kamala Harris repeatedly told 'fweedom' story now facing plagiarism accusations
https://t.co/KUWPU7ZXlR",FoxNews,1,Plagerism,8,40,2.0851600000000002e-05
https://twitter.com/Heather251170/status/1346589436298067970,2021-01-05 22:48:34,1346589436298067970,1346534460423073792,@thehill Lord I hope the Democrats win in Georgia. Especially with what‚Äôs going on in Pennsylvania today. With them Refusing to swear in a  re-elected Democrat. They removed him out of the room and wouldn‚Äôt swear him in. This is disgusting,Heather251170,sadness,0,0,0,,,https://twitter.com/thehill,#BREAKING: Federal judge rejects Trump lawsuit to decertify Georgia results https://t.co/3meD7pZWAC https://t.co/Ep6TUGRV92,thehill,-1,Lord,10,2,2.52589e-05
https://twitter.com/GT_Homes/status/1346580370746007552,2021-01-05 22:12:33,1346580370746007552,1346503027285504002,"@HillaryClinton Time for #Democrats to deal w/this Bullshit from the #GOP @SpeakerPelosi &amp; @SenSchumer MUST make the #TRUMPTraitors pay for their treasonous acts or there will never be peace, make example of @tedcruz @joshhawleymo -bring them up on #seditioncharges &amp; throw them out of Congress.",GT_Homes,G Thom,0,0,0,,,https://twitter.com/HillaryClinton,"One gift Trump could give the country and the world is to not start a war with Iran in his final 15 days in office. 

It‚Äôs hard to tell whether his administration is making intentional moves or simply displaying incompetence. 

Either way, they are playing a dangerous game.",HillaryClinton,1,Time,10,26,1.06887e-05
https://twitter.com/GT_Homes/status/1346580370746007552,2021-01-05 22:12:33,1346580370746007552,1346503027285504002,"@HillaryClinton Time for #Democrats to deal w/this Bullshit from the #GOP @SpeakerPelosi &amp; @SenSchumer MUST make the #TRUMPTraitors pay for their treasonous acts or there will never be peace, make example of @tedcruz @joshhawleymo -bring them up on #seditioncharges &amp; throw them out of Congress.",GT_Homes,G Thom,0,0,0,,,https://twitter.com/SpeakerPelosi,"One gift Trump could give the country and the world is to not start a war with Iran in his final 15 days in office. 

It‚Äôs hard to tell whether his administration is making intentional moves or simply displaying incompetence. 

Either way, they are playing a dangerous game.",HillaryClinton,1,Time,10,26,1.06887e-05
https://twitter.com/GT_Homes/status/1346580370746007552,2021-01-05 22:12:33,1346580370746007552,1346503027285504002,"@HillaryClinton Time for #Democrats to deal w/this Bullshit from the #GOP @SpeakerPelosi &amp; @SenSchumer MUST make the #TRUMPTraitors pay for their treasonous acts or there will never be peace, make example of @tedcruz @joshhawleymo -bring them up on #seditioncharges &amp; throw them out of Congress.",GT_Homes,G Thom,0,0,0,,,https://twitter.com/SenSchumer,"One gift Trump could give the country and the world is to not start a war with Iran in his final 15 days in office. 

It‚Äôs hard to tell whether his administration is making intentional moves or simply displaying incompetence. 

Either way, they are playing a dangerous game.",HillaryClinton,1,Time,10,26,1.06887e-05
https://twitter.com/GT_Homes/status/1346580370746007552,2021-01-05 22:12:33,1346580370746007552,1346503027285504002,"@HillaryClinton Time for #Democrats to deal w/this Bullshit from the #GOP @SpeakerPelosi &amp; @SenSchumer MUST make the #TRUMPTraitors pay for their treasonous acts or there will never be peace, make example of @tedcruz @joshhawleymo -bring them up on #seditioncharges &amp; throw them out of Congress.",GT_Homes,G Thom,0,0,0,,,https://twitter.com/tedcruz,"One gift Trump could give the country and the world is to not start a war with Iran in his final 15 days in office. 

It‚Äôs hard to tell whether his administration is making intentional moves or simply displaying incompetence. 

Either way, they are playing a dangerous game.",HillaryClinton,1,Time,10,26,1.06887e-05
https://twitter.com/GT_Homes/status/1346580370746007552,2021-01-05 22:12:33,1346580370746007552,1346503027285504002,"@HillaryClinton Time for #Democrats to deal w/this Bullshit from the #GOP @SpeakerPelosi &amp; @SenSchumer MUST make the #TRUMPTraitors pay for their treasonous acts or there will never be peace, make example of @tedcruz @joshhawleymo -bring them up on #seditioncharges &amp; throw them out of Congress.",GT_Homes,G Thom,0,0,0,,,https://twitter.com/joshhawleymo,"One gift Trump could give the country and the world is to not start a war with Iran in his final 15 days in office. 

It‚Äôs hard to tell whether his administration is making intentional moves or simply displaying incompetence. 

Either way, they are playing a dangerous game.",HillaryClinton,1,Time,10,26,1.06887e-05
https://twitter.com/Heather251170/status/1346592862541119493,2021-01-05 23:02:11,1346592862541119493,1346592574006587393,@ReverendWarnock Lord I hope the Democrats win in Georgia. Especially with what‚Äôs going on in Pennsylvania today. With them Refusing to swear in a  re-elected Democrat. They removed him out of the room and wouldn‚Äôt swear him in. This is disgusting,Heather251170,sadness,0,0,0,,,https://twitter.com/ReverendWarnock,"The polls close in just ONE HOUR at 7 pm. Get out and vote now ‚Äî and if you're in line when the polls close, STAY IN LINE. https://t.co/nNbOv8iAKb",ReverendWarnock,1,Lord,10,49,8.5613e-06
https://twitter.com/MomAnonMi/status/1346525591206572037,2021-01-05 18:34:52,1346525591206572037,1346459523876347905,"@PatrickByrne Why 16% of Democrats Think The 2020 Presidential Election Was Rigged

https://t.co/u6cdnAdNf7",MomAnonMi,Open Secrets,0,0,0,,,https://twitter.com/PatrickByrne,Lt. Gen. Flynn Says Have the Courage to Fight for Your Faith ‚Äî Charisma News https://t.co/QzyPGhs36w,PatrickByrne,1,Presidential Election,12,20,5.4362000000000006e-06
https://twitter.com/MomAnonMi/status/1346525352089292802,2021-01-05 18:33:55,1346525352089292802,1346500051804299264,"@PatrickByrne Why 16% of Democrats Think The 2020 Presidential Election Was Rigged

https://t.co/u6cdnAdNf7",MomAnonMi,Open Secrets,0,0,0,,,https://twitter.com/PatrickByrne,"WATCH: General Flynn Talks Election Fraud, Robust Faith and Righteous Resistance https://t.co/d45l4F36OY",PatrickByrne,-1,Presidential Election,12,20,5.4362000000000006e-06
https://twitter.com/MomAnonMi/status/1346526314988261379,2021-01-05 18:37:45,1346526314988261379,1346259824456192001,"@atensnut Why 16% of Democrats Think The 2020 Presidential Election Was Rigged

https://t.co/u6cdnAdNf7",MomAnonMi,Open Secrets,0,0,0,,,https://twitter.com/atensnut,Newsmax just now:   VP Pence is poised to send slates of electors back to their state capitals and tell them to ‚ÄúFix This‚Äù.,atensnut,-1,Presidential Election,12,21,1.37729e-05
https://twitter.com/MomAnonMi/status/1346527457172713482,2021-01-05 18:42:17,1346527457172713482,1346449647993290752,"@catturd2 Why 16% of Democrats Think The 2020 Presidential Election Was Rigged

https://t.co/u6cdnAdNf7",MomAnonMi,Open Secrets,0,0,0,,,https://twitter.com/catturd2,"Breaking - two representatives of China have been flown in to oversee the Georgia runoffs, today. https://t.co/Warm1XaBt9",catturd2,1,Presidential Election,12,33,7.0222e-06
https://twitter.com/MomAnonMi/status/1346525067195383808,2021-01-05 18:32:47,1346525067195383808,1346425521949741057,"@catturd2 @TDanaha Why 16% of Democrats Think The 2020 Presidential Election Was Rigged

https://t.co/u6cdnAdNf7",MomAnonMi,Open Secrets,0,0,0,,,https://twitter.com/catturd2,"Daily reminder ...

Fox News was in on it.

Delete Fox News forever!",catturd2,-1,Presidential Election,12,33,7.0222e-06
https://twitter.com/MomAnonMi/status/1346525067195383808,2021-01-05 18:32:47,1346525067195383808,1346425521949741057,"@catturd2 @TDanaha Why 16% of Democrats Think The 2020 Presidential Election Was Rigged

https://t.co/u6cdnAdNf7",MomAnonMi,Open Secrets,0,0,0,,,https://twitter.com/TDanaha,"Daily reminder ...

Fox News was in on it.

Delete Fox News forever!",catturd2,-1,Presidential Election,12,33,7.0222e-06
https://twitter.com/MomAnonMi/status/1346530818588631043,2021-01-05 18:55:39,1346530818588631043,1346506173151932419,"@USATRUMPMAN1 @Anabe71713436 Why 16% of Democrats Think The 2020 Presidential Election Was Rigged

https://t.co/u6cdnAdNf7",MomAnonMi,Open Secrets,0,0,0,,,https://twitter.com/USATRUMPMAN1,"Texas has the most walmarts in United States, I'm trying to organize a statewide boycott on them.",USATRUMPMAN1,1,Presidential Election,12,52,1.70485e-05
https://twitter.com/MomAnonMi/status/1346530818588631043,2021-01-05 18:55:39,1346530818588631043,1346506173151932419,"@USATRUMPMAN1 @Anabe71713436 Why 16% of Democrats Think The 2020 Presidential Election Was Rigged

https://t.co/u6cdnAdNf7",MomAnonMi,Open Secrets,0,0,0,,,https://twitter.com/Anabe71713436,"Texas has the most walmarts in United States, I'm trying to organize a statewide boycott on them.",USATRUMPMAN1,1,Presidential Election,12,52,1.70485e-05
https://twitter.com/keraz37/status/1346538321070186497,2021-01-05 19:25:27,1346538321070186497,1346424537102094336,"@GabrielSterling Then they should have honest candidates in the ballot.  The Democrats have. 
Don‚Äôt ask people to vote for people who have committed felonies.  
That‚Äôs really truly wrong.  I would say this about a Democrat too.  
Georgia do not vote for criminals for public servants",keraz37,üå±crft,0,0,0,,,https://twitter.com/GabrielSterling,"I encourage any of you that haven't voted yet here in Georgia, you have between 7am-7pm at your polling location. And as much as this may disappoint some, please join me in voting for Senators Perdue and Loeffler. A divided government will serve Americans best right now. #gapol",GabrielSterling,1,honest candidates,14,39,1.70485e-05
https://twitter.com/JamalAlShalabi1/status/1346563137881911302,2021-01-05 21:04:04,1346563137881911302,1346490317860552704,"@charliekirk11 For an objection to stand, it must pass both houses of Congress by a simple majority. If the vote followed party lines, Republicans could not block Biden‚Äôs victory.

Democrats control the House, so an objection would already be doomed there.",JamalAlShalabi1,Jamal Al-Shalabi,0,0,0,,,https://twitter.com/charliekirk11,The Vice President has the power to reject fraudulently chosen electors.,charliekirk11,-1,simple majority,15,32,3.34537e-05
https://twitter.com/MGrainger432/status/1346537776280457224,2021-01-05 19:23:17,1346537776280457224,1346535688733265921,"@JoeBiden Georgia, you made us proud by voting for Joe Biden and Kamala Harris in the last election, turning the state blue for the first time in nearly 3 decades! Now we are counting on you to deliver Democrats the majority in the Senate! Progress is on the ballot; we are counting on you!",MGrainger432,Michael Grainger,0,0,0,,,https://twitter.com/JoeBiden,"Georgia ‚Äî If you have any questions today while voting, reach out to the Voter Protection Hotline: 1-888-730-5816",JoeBiden,1,Joe Biden,17,1,1.70485e-05
https://twitter.com/MGrainger432/status/1346536265794154499,2021-01-05 19:17:17,1346536265794154499,1346188400215224321,"@JoeBiden @ReverendWarnock @ossoff Georgia, you made us proud by voting for Joe Biden and Kamala Harris in the last election, turning the state blue for the first time in nearly 3 decades! Now we are counting on you to deliver Democrats the majority in the Senate! Progress is on the ballot; we are counting on you!",MGrainger432,Michael Grainger,0,0,0,,,https://twitter.com/JoeBiden,"One day left, folks. I‚Äôm on my way to Georgia to help send @ReverendWarnock and @Ossoff to the Senate. See you soon, Atlanta!",JoeBiden,1,Joe Biden,17,1,1.70485e-05
https://twitter.com/MGrainger432/status/1346536265794154499,2021-01-05 19:17:17,1346536265794154499,1346188400215224321,"@JoeBiden @ReverendWarnock @ossoff Georgia, you made us proud by voting for Joe Biden and Kamala Harris in the last election, turning the state blue for the first time in nearly 3 decades! Now we are counting on you to deliver Democrats the majority in the Senate! Progress is on the ballot; we are counting on you!",MGrainger432,Michael Grainger,0,0,0,,,https://twitter.com/ReverendWarnock,"One day left, folks. I‚Äôm on my way to Georgia to help send @ReverendWarnock and @Ossoff to the Senate. See you soon, Atlanta!",JoeBiden,1,Joe Biden,17,1,1.70485e-05
https://twitter.com/MGrainger432/status/1346536265794154499,2021-01-05 19:17:17,1346536265794154499,1346188400215224321,"@JoeBiden @ReverendWarnock @ossoff Georgia, you made us proud by voting for Joe Biden and Kamala Harris in the last election, turning the state blue for the first time in nearly 3 decades! Now we are counting on you to deliver Democrats the majority in the Senate! Progress is on the ballot; we are counting on you!",MGrainger432,Michael Grainger,0,0,0,,,https://twitter.com/ossoff,"One day left, folks. I‚Äôm on my way to Georgia to help send @ReverendWarnock and @Ossoff to the Senate. See you soon, Atlanta!",JoeBiden,1,Joe Biden,17,1,1.70485e-05
https://twitter.com/MGrainger432/status/1346535010485080065,2021-01-05 19:12:18,1346535010485080065,1346475895955939328,"@JoeBiden Georgia, you made us proud by voting for Joe Biden and Kamala Harris in the last election, turning the state blue for the first time in nearly 3 decades! Now we are counting on you to deliver Democrats the majority in the Senate! Progress is on the ballot; we are counting on you!",MGrainger432,Michael Grainger,0,0,0,,,https://twitter.com/JoeBiden,"Go vote, Georgia!

https://t.co/RIJ1L4B5o9",JoeBiden,1,Joe Biden,17,1,1.70485e-05
https://twitter.com/rod7221/status/1346557575987425287,2021-01-05 20:41:58,1346557575987425287,1345511042743324672,"@AOC Ted Cruz wants a circus, they should give him one. Senate democrats should object one red state for every battleground state that the GOP will object. They could also carefully repeat the exact same words or reasons given for their objection.",rod7221,Rodney Louis,0,0,0,,,https://twitter.com/AOC,"These Senators are engaged in a selfish attempt to shred our Constitution and dismantle our democracy. In doing so, they are also baselessly challenging the same ballots sending them to Congress.

It is pathetic, and yet the precedent they are setting is incredibly dangerous.",AOC,1,Ted,18,38,3.0773e-06
https://twitter.com/rod7221/status/1346556542250840068,2021-01-05 20:37:52,1346556542250840068,1346125225805697027,"@SenBobCorker Ted Cruz wants a circus, they should give him one. Senate democrats should object one red state for every battleground state that the GOP will object. They could also carefully repeat the exact same words or reasons given for their objection.",rod7221,Rodney Louis,0,0,0,,,https://twitter.com/SenBobCorker,"I am saddened that some senators plan to undermine our democratic process that gives the American people, not politicians, the right to elect our president.",SenBobCorker,1,Ted Cruz,18,46,1.70485e-05
https://twitter.com/SylvainClifford/status/1346555055181279238,2021-01-05 20:31:57,1346555055181279238,1346531567477338118,"@FoxNews The Democrats should play Trump's ""jaw-dropping"" Georgia phone call tomorrow at the Congress.. describing it as if ""Watergate and the Ukraine scandal had a baby that they made on the Access Hollywood bus""",SylvainClifford,clifford sylvain,0,0,0,,,https://twitter.com/FoxNews,"Trump puts pressure on Pence ahead of election showdown in Congress
https://t.co/hW8Ub9Mo6a",FoxNews,1,play Trump,19,40,2.12137e-05
https://twitter.com/SylvainClifford/status/1346551650606063616,2021-01-05 20:18:25,1346551650606063616,1346521536287678465,"@SukiDog @SovereignTwo1 @FoxNews The Democrats should play Trump's ""jaw-dropping"" Georgia phone call tomorrow at the Congress.. describing it as if ""Watergate and the Ukraine scandal had a baby that they made on the Access Hollywood bus""",SylvainClifford,clifford sylvain,1,0,0,,,https://twitter.com/SukiDog,"Federal judge denies Trump's emergency request to decertify Georgia election results
https://t.co/vr5eeBeEss",FoxNews,1,play Trump,19,40,2.12137e-05
https://twitter.com/SylvainClifford/status/1346551650606063616,2021-01-05 20:18:25,1346551650606063616,1346521536287678465,"@SukiDog @SovereignTwo1 @FoxNews The Democrats should play Trump's ""jaw-dropping"" Georgia phone call tomorrow at the Congress.. describing it as if ""Watergate and the Ukraine scandal had a baby that they made on the Access Hollywood bus""",SylvainClifford,clifford sylvain,1,0,0,,,https://twitter.com/SovereignTwo1,"Federal judge denies Trump's emergency request to decertify Georgia election results
https://t.co/vr5eeBeEss",FoxNews,1,play Trump,19,40,2.12137e-05
https://twitter.com/SylvainClifford/status/1346551650606063616,2021-01-05 20:18:25,1346551650606063616,1346521536287678465,"@SukiDog @SovereignTwo1 @FoxNews The Democrats should play Trump's ""jaw-dropping"" Georgia phone call tomorrow at the Congress.. describing it as if ""Watergate and the Ukraine scandal had a baby that they made on the Access Hollywood bus""",SylvainClifford,clifford sylvain,1,0,0,,,https://twitter.com/FoxNews,"Federal judge denies Trump's emergency request to decertify Georgia election results
https://t.co/vr5eeBeEss",FoxNews,1,play Trump,19,40,2.12137e-05
https://twitter.com/SylvainClifford/status/1346551297944805387,2021-01-05 20:17:01,1346551297944805387,1346521536287678465,"@hodown812 @FoxNews The Democrats should play Trump's ""jaw-dropping"" Georgia phone call tomorrow at the Congress.. describing it as if ""Watergate and the Ukraine scandal had a baby that they made on the Access Hollywood bus""",SylvainClifford,clifford sylvain,1,3,0,,,https://twitter.com/hodown812,"Federal judge denies Trump's emergency request to decertify Georgia election results
https://t.co/vr5eeBeEss",FoxNews,-1,play Trump,19,40,2.12137e-05
https://twitter.com/SylvainClifford/status/1346551297944805387,2021-01-05 20:17:01,1346551297944805387,1346521536287678465,"@hodown812 @FoxNews The Democrats should play Trump's ""jaw-dropping"" Georgia phone call tomorrow at the Congress.. describing it as if ""Watergate and the Ukraine scandal had a baby that they made on the Access Hollywood bus""",SylvainClifford,clifford sylvain,1,3,0,,,https://twitter.com/FoxNews,"Federal judge denies Trump's emergency request to decertify Georgia election results
https://t.co/vr5eeBeEss",FoxNews,-1,play Trump,19,40,2.12137e-05
https://twitter.com/SylvainClifford/status/1346551159100682243,2021-01-05 20:16:28,1346551159100682243,1346521536287678465,"@MyNews4You @FoxNews The Democrats should play Trump's ""jaw-dropping"" Georgia phone call tomorrow at the Congress.. describing it as if ""Watergate and the Ukraine scandal had a baby that they made on the Access Hollywood bus""",SylvainClifford,clifford sylvain,2,0,0,,,https://twitter.com/MyNews4You,"Federal judge denies Trump's emergency request to decertify Georgia election results
https://t.co/vr5eeBeEss",FoxNews,1,play Trump,19,40,2.12137e-05
https://twitter.com/SylvainClifford/status/1346551159100682243,2021-01-05 20:16:28,1346551159100682243,1346521536287678465,"@MyNews4You @FoxNews The Democrats should play Trump's ""jaw-dropping"" Georgia phone call tomorrow at the Congress.. describing it as if ""Watergate and the Ukraine scandal had a baby that they made on the Access Hollywood bus""",SylvainClifford,clifford sylvain,2,0,0,,,https://twitter.com/FoxNews,"Federal judge denies Trump's emergency request to decertify Georgia election results
https://t.co/vr5eeBeEss",FoxNews,1,play Trump,19,40,2.12137e-05
https://twitter.com/SylvainClifford/status/1346550985548828673,2021-01-05 20:15:47,1346550985548828673,1346521536287678465,"@FoxNews The Democrats should play Trump's ""jaw-dropping"" Georgia phone call tomorrow at the Congress.. describing it as if ""Watergate and the Ukraine scandal had a baby that they made on the Access Hollywood bus""",SylvainClifford,clifford sylvain,0,0,0,,,https://twitter.com/FoxNews,"Federal judge denies Trump's emergency request to decertify Georgia election results
https://t.co/vr5eeBeEss",FoxNews,-1,play Trump,19,40,2.12137e-05
https://twitter.com/jkerr190/status/1346530364290985984,2021-01-05 18:53:50,1346530364290985984,1346152754155311104,@noahsmom7 100% and coordinated with the Democrats,jkerr190,Jerry K,0,0,0,,,https://twitter.com/NoahsMom7,Anyone else think China did all of this on purpose?,CCPISASSH0E,-1,Democrats,20,21,1.4309000000000001e-05
https://twitter.com/fmiller26/status/1346534351618633732,2021-01-05 19:09:41,1346534351618633732,1346522769207554048,@ksorbs GA voters vote Straight Republican today and watch elections voting places like an eagle!! Democrats cheat cause they haven‚Äôt been held accountable in previous elections!! Landslide victory for Loeffler and Perdue by 10% points! So FakeNews polls were WRONG!,fmiller26,Dean Miller,1,2,0,,,https://twitter.com/ksorbs,"We are in the fight for our lives, will you answer the call or sit back and let tyranny run unchecked",ksorbs,1,Straight Republican,20,44,1.70485e-05
https://twitter.com/GPurst/status/1346532617957429248,2021-01-05 19:02:48,1346532617957429248,1346515795384422401,"@jsolomonReports Till they show up at his front door... stay turned, as the tables will turn, with Democrats in power for four years, Democrats will be held accountable to the mob!! Can't wait to see it live...",GPurst,George Purst,0,0,0,,,https://twitter.com/jsolomonReports,In denial? House Majority Leader Hoyer says he doesn‚Äôt accept the ‚Äòpremise‚Äô that Antifa is violent | Just The News https://t.co/xdFjfDwKOQ,jsolomonReports,1,Till,22,34,1.22717e-05
https://twitter.com/DLeighton18/status/1346544249022496768,2021-01-05 19:49:01,1346544249022496768,1346519208558002176,@Jim_Jordan We care! And the media and the democrats are going down! It's not over until WE say it's over!,DLeighton18,DLeighton,0,0,0,,,https://twitter.com/Jim_Jordan,"For nine weeks, Democrats have been afraid to have a real debate on election integrity. 

Why? https://t.co/n3hcoOi4rS",Jim_Jordan,1,Jim,24,4,7.88093e-05
https://twitter.com/Idowudyno/status/1346594614338326528,2021-01-05 23:09:09,1346594614338326528,1346270189067804674,"@76_Winston @WeirwoodRaven @kylegriffin1 @MSNBC @JohnFetterman ü§£ü§£ü§£ü§£ü§£ü§£ü§£ü§£ü§£ Now they don't care what Fauci said because it helps Trump? You have failed to negate the point that, he didn't want to panic the country. When will you address the fact that Democrats have been frustrating his efforts to combat it? https://t.co/mTXZWOjyr2",Idowudyno,Dyno,0,0,0,,,https://twitter.com/WeirwoodRaven,"Pennsylvania Lt. Gov John Fetterman on the Electoral College challenge: ""I hope every Republican votes for it, I do. Because it will go down in a hot flaming pile of garbage. It's a mathematical certitude."" @MSNBC",kylegriffin1,1,Winston,24,56,1.70485e-05
https://twitter.com/Idowudyno/status/1346594614338326528,2021-01-05 23:09:09,1346594614338326528,1346270189067804674,"@76_Winston @WeirwoodRaven @kylegriffin1 @MSNBC @JohnFetterman ü§£ü§£ü§£ü§£ü§£ü§£ü§£ü§£ü§£ Now they don't care what Fauci said because it helps Trump? You have failed to negate the point that, he didn't want to panic the country. When will you address the fact that Democrats have been frustrating his efforts to combat it? https://t.co/mTXZWOjyr2",Idowudyno,Dyno,0,0,0,,,https://twitter.com/kylegriffin1,"Pennsylvania Lt. Gov John Fetterman on the Electoral College challenge: ""I hope every Republican votes for it, I do. Because it will go down in a hot flaming pile of garbage. It's a mathematical certitude."" @MSNBC",kylegriffin1,1,Winston,24,56,1.70485e-05
https://twitter.com/Idowudyno/status/1346594614338326528,2021-01-05 23:09:09,1346594614338326528,1346270189067804674,"@76_Winston @WeirwoodRaven @kylegriffin1 @MSNBC @JohnFetterman ü§£ü§£ü§£ü§£ü§£ü§£ü§£ü§£ü§£ Now they don't care what Fauci said because it helps Trump? You have failed to negate the point that, he didn't want to panic the country. When will you address the fact that Democrats have been frustrating his efforts to combat it? https://t.co/mTXZWOjyr2",Idowudyno,Dyno,0,0,0,,,https://twitter.com/MSNBC,"Pennsylvania Lt. Gov John Fetterman on the Electoral College challenge: ""I hope every Republican votes for it, I do. Because it will go down in a hot flaming pile of garbage. It's a mathematical certitude."" @MSNBC",kylegriffin1,1,Winston,24,56,1.70485e-05
https://twitter.com/Idowudyno/status/1346594614338326528,2021-01-05 23:09:09,1346594614338326528,1346270189067804674,"@76_Winston @WeirwoodRaven @kylegriffin1 @MSNBC @JohnFetterman ü§£ü§£ü§£ü§£ü§£ü§£ü§£ü§£ü§£ Now they don't care what Fauci said because it helps Trump? You have failed to negate the point that, he didn't want to panic the country. When will you address the fact that Democrats have been frustrating his efforts to combat it? https://t.co/mTXZWOjyr2",Idowudyno,Dyno,0,0,0,,,https://twitter.com/JohnFetterman,"Pennsylvania Lt. Gov John Fetterman on the Electoral College challenge: ""I hope every Republican votes for it, I do. Because it will go down in a hot flaming pile of garbage. It's a mathematical certitude."" @MSNBC",kylegriffin1,1,Winston,24,56,1.70485e-05
https://twitter.com/Idowudyno/status/1346585574879199233,2021-01-05 22:33:14,1346585574879199233,1346270189067804674,"@mattdodier @76_Winston @WeirwoodRaven @kylegriffin1 @MSNBC @JohnFetterman You call Trump names, but cannot back any of them up. Grow up. What American besides destructive leftists do not like freedom from the tyranny inflicted on us by Democrats?",Idowudyno,Dyno,1,0,0,,,https://twitter.com/mattdodier,"Pennsylvania Lt. Gov John Fetterman on the Electoral College challenge: ""I hope every Republican votes for it, I do. Because it will go down in a hot flaming pile of garbage. It's a mathematical certitude."" @MSNBC",kylegriffin1,1,call Trump,24,56,1.70485e-05
https://twitter.com/Idowudyno/status/1346585574879199233,2021-01-05 22:33:14,1346585574879199233,1346270189067804674,"@mattdodier @76_Winston @WeirwoodRaven @kylegriffin1 @MSNBC @JohnFetterman You call Trump names, but cannot back any of them up. Grow up. What American besides destructive leftists do not like freedom from the tyranny inflicted on us by Democrats?",Idowudyno,Dyno,1,0,0,,,https://twitter.com/WeirwoodRaven,"Pennsylvania Lt. Gov John Fetterman on the Electoral College challenge: ""I hope every Republican votes for it, I do. Because it will go down in a hot flaming pile of garbage. It's a mathematical certitude."" @MSNBC",kylegriffin1,1,call Trump,24,56,1.70485e-05
https://twitter.com/Idowudyno/status/1346585574879199233,2021-01-05 22:33:14,1346585574879199233,1346270189067804674,"@mattdodier @76_Winston @WeirwoodRaven @kylegriffin1 @MSNBC @JohnFetterman You call Trump names, but cannot back any of them up. Grow up. What American besides destructive leftists do not like freedom from the tyranny inflicted on us by Democrats?",Idowudyno,Dyno,1,0,0,,,https://twitter.com/kylegriffin1,"Pennsylvania Lt. Gov John Fetterman on the Electoral College challenge: ""I hope every Republican votes for it, I do. Because it will go down in a hot flaming pile of garbage. It's a mathematical certitude."" @MSNBC",kylegriffin1,1,call Trump,24,56,1.70485e-05
https://twitter.com/Idowudyno/status/1346585574879199233,2021-01-05 22:33:14,1346585574879199233,1346270189067804674,"@mattdodier @76_Winston @WeirwoodRaven @kylegriffin1 @MSNBC @JohnFetterman You call Trump names, but cannot back any of them up. Grow up. What American besides destructive leftists do not like freedom from the tyranny inflicted on us by Democrats?",Idowudyno,Dyno,1,0,0,,,https://twitter.com/MSNBC,"Pennsylvania Lt. Gov John Fetterman on the Electoral College challenge: ""I hope every Republican votes for it, I do. Because it will go down in a hot flaming pile of garbage. It's a mathematical certitude."" @MSNBC",kylegriffin1,1,call Trump,24,56,1.70485e-05
https://twitter.com/Idowudyno/status/1346585574879199233,2021-01-05 22:33:14,1346585574879199233,1346270189067804674,"@mattdodier @76_Winston @WeirwoodRaven @kylegriffin1 @MSNBC @JohnFetterman You call Trump names, but cannot back any of them up. Grow up. What American besides destructive leftists do not like freedom from the tyranny inflicted on us by Democrats?",Idowudyno,Dyno,1,0,0,,,https://twitter.com/JohnFetterman,"Pennsylvania Lt. Gov John Fetterman on the Electoral College challenge: ""I hope every Republican votes for it, I do. Because it will go down in a hot flaming pile of garbage. It's a mathematical certitude."" @MSNBC",kylegriffin1,1,call Trump,24,56,1.70485e-05
https://twitter.com/Idowudyno/status/1346583622040612864,2021-01-05 22:25:28,1346583622040612864,1346270189067804674,"@76_Winston @WeirwoodRaven @kylegriffin1 @MSNBC @JohnFetterman Yes, and the FBI did not work with the Democrats to set up candidate Trump. There was no suitcase counting hoax. Point is, people were told to go. Do you really think these people are neutral, credible, or actually working for your best interests? You have a lot to learn buddy.",Idowudyno,Dyno,0,0,0,,,https://twitter.com/WeirwoodRaven,"Pennsylvania Lt. Gov John Fetterman on the Electoral College challenge: ""I hope every Republican votes for it, I do. Because it will go down in a hot flaming pile of garbage. It's a mathematical certitude."" @MSNBC",kylegriffin1,1,candidate Trump,24,56,1.70485e-05
https://twitter.com/Idowudyno/status/1346583622040612864,2021-01-05 22:25:28,1346583622040612864,1346270189067804674,"@76_Winston @WeirwoodRaven @kylegriffin1 @MSNBC @JohnFetterman Yes, and the FBI did not work with the Democrats to set up candidate Trump. There was no suitcase counting hoax. Point is, people were told to go. Do you really think these people are neutral, credible, or actually working for your best interests? You have a lot to learn buddy.",Idowudyno,Dyno,0,0,0,,,https://twitter.com/kylegriffin1,"Pennsylvania Lt. Gov John Fetterman on the Electoral College challenge: ""I hope every Republican votes for it, I do. Because it will go down in a hot flaming pile of garbage. It's a mathematical certitude."" @MSNBC",kylegriffin1,1,candidate Trump,24,56,1.70485e-05
https://twitter.com/Idowudyno/status/1346583622040612864,2021-01-05 22:25:28,1346583622040612864,1346270189067804674,"@76_Winston @WeirwoodRaven @kylegriffin1 @MSNBC @JohnFetterman Yes, and the FBI did not work with the Democrats to set up candidate Trump. There was no suitcase counting hoax. Point is, people were told to go. Do you really think these people are neutral, credible, or actually working for your best interests? You have a lot to learn buddy.",Idowudyno,Dyno,0,0,0,,,https://twitter.com/MSNBC,"Pennsylvania Lt. Gov John Fetterman on the Electoral College challenge: ""I hope every Republican votes for it, I do. Because it will go down in a hot flaming pile of garbage. It's a mathematical certitude."" @MSNBC",kylegriffin1,1,candidate Trump,24,56,1.70485e-05
https://twitter.com/Idowudyno/status/1346583622040612864,2021-01-05 22:25:28,1346583622040612864,1346270189067804674,"@76_Winston @WeirwoodRaven @kylegriffin1 @MSNBC @JohnFetterman Yes, and the FBI did not work with the Democrats to set up candidate Trump. There was no suitcase counting hoax. Point is, people were told to go. Do you really think these people are neutral, credible, or actually working for your best interests? You have a lot to learn buddy.",Idowudyno,Dyno,0,0,0,,,https://twitter.com/JohnFetterman,"Pennsylvania Lt. Gov John Fetterman on the Electoral College challenge: ""I hope every Republican votes for it, I do. Because it will go down in a hot flaming pile of garbage. It's a mathematical certitude."" @MSNBC",kylegriffin1,1,candidate Trump,24,56,1.70485e-05
https://twitter.com/Idowudyno/status/1346530590141636611,2021-01-05 18:54:44,1346530590141636611,1346270189067804674,@76_Winston @WeirwoodRaven @kylegriffin1 @MSNBC @JohnFetterman For the same reason the likes of mitt romney are always siding with Democrats? Your guess is as good as mine.,Idowudyno,Dyno,0,0,0,,,https://twitter.com/WeirwoodRaven,"Pennsylvania Lt. Gov John Fetterman on the Electoral College challenge: ""I hope every Republican votes for it, I do. Because it will go down in a hot flaming pile of garbage. It's a mathematical certitude."" @MSNBC",kylegriffin1,1,Winston,24,56,1.70485e-05
https://twitter.com/Idowudyno/status/1346530590141636611,2021-01-05 18:54:44,1346530590141636611,1346270189067804674,@76_Winston @WeirwoodRaven @kylegriffin1 @MSNBC @JohnFetterman For the same reason the likes of mitt romney are always siding with Democrats? Your guess is as good as mine.,Idowudyno,Dyno,0,0,0,,,https://twitter.com/kylegriffin1,"Pennsylvania Lt. Gov John Fetterman on the Electoral College challenge: ""I hope every Republican votes for it, I do. Because it will go down in a hot flaming pile of garbage. It's a mathematical certitude."" @MSNBC",kylegriffin1,1,Winston,24,56,1.70485e-05
https://twitter.com/Idowudyno/status/1346530590141636611,2021-01-05 18:54:44,1346530590141636611,1346270189067804674,@76_Winston @WeirwoodRaven @kylegriffin1 @MSNBC @JohnFetterman For the same reason the likes of mitt romney are always siding with Democrats? Your guess is as good as mine.,Idowudyno,Dyno,0,0,0,,,https://twitter.com/MSNBC,"Pennsylvania Lt. Gov John Fetterman on the Electoral College challenge: ""I hope every Republican votes for it, I do. Because it will go down in a hot flaming pile of garbage. It's a mathematical certitude."" @MSNBC",kylegriffin1,1,Winston,24,56,1.70485e-05
https://twitter.com/Idowudyno/status/1346530590141636611,2021-01-05 18:54:44,1346530590141636611,1346270189067804674,@76_Winston @WeirwoodRaven @kylegriffin1 @MSNBC @JohnFetterman For the same reason the likes of mitt romney are always siding with Democrats? Your guess is as good as mine.,Idowudyno,Dyno,0,0,0,,,https://twitter.com/JohnFetterman,"Pennsylvania Lt. Gov John Fetterman on the Electoral College challenge: ""I hope every Republican votes for it, I do. Because it will go down in a hot flaming pile of garbage. It's a mathematical certitude."" @MSNBC",kylegriffin1,1,Winston,24,56,1.70485e-05
https://twitter.com/rozorazio/status/1346541579973091330,2021-01-05 19:38:24,1346541579973091330,1346535688733265921,"@JoeBiden A vote for democrats will get you $2,000 in stimulus. &amp;get old man mitch out of senate control

A vote for loeffler is a vote for rich racists. Where was kelly when she was briefed on covid ? Did she help issue a mask mandate while 11k Georgians died ? Nope sold stocks",rozorazio,Ron Swanson,0,0,0,,,https://twitter.com/JoeBiden,"Georgia ‚Äî If you have any questions today while voting, reach out to the Voter Protection Hotline: 1-888-730-5816",JoeBiden,1,vote,25,1,2.7395600000000002e-05
https://twitter.com/rozorazio/status/1346590793516068865,2021-01-05 22:53:58,1346590793516068865,1346590706832465922,"@KLoeffler A vote for democrats will get you $2,000 in stimulus. &amp;get old man mitch out of senate control

A vote for loeffler is a vote for rich racists. Where was kelly when she was briefed on covid ? Did she help issue a mask mandate while 11k Georgians died ? Nope sold stocks",rozorazio,Ron Swanson,0,0,0,,,https://twitter.com/KLoeffler,"Georgia ‚Äî are you ready? 

It‚Äôs time to Hold The Line.

It‚Äôs time to Save Our Country üá∫üá∏ 

POLLS ARE OPEN UNTIL 7 PM!",KLoeffler,-1,vote,25,3,3.51449e-05
https://twitter.com/rozorazio/status/1346557861976006657,2021-01-05 20:43:06,1346557861976006657,1346556899265835009,"@KLoeffler A vote for democrats will get you $2,000 in stimulus. &amp;get old man mitch out of senate control

A vote for loeffler is a vote for rich racists. Where was kelly when she was briefed on covid ? Did she help issue a mask mandate while 11k Georgians died ? Nope sold stocks",rozorazio,Ron Swanson,0,0,0,,,https://twitter.com/KLoeffler,"Thank you, Andrew! You are in inspiration to every American.

Georgia, get out and VOTE!",KLoeffler,-1,vote,25,3,3.51449e-05
https://twitter.com/rozorazio/status/1346552220758765569,2021-01-05 20:20:41,1346552220758765569,1346547018441904132,"@KLoeffler @ReverendWarnock A vote for democrats will get you $2,000 in stimulus. &amp;get old man mitch out of senate control

A vote for loeffler is a vote for rich racists. Where was kelly when she was briefed on covid ? Did she help issue a mask mandate while 11k Georgians died ? Nope sold stocks",rozorazio,Ron Swanson,0,0,0,,,https://twitter.com/KLoeffler,".@ReverendWarnock obstructed a child abuse investigation, celebrated Castro, called police officers ‚Äúthugs,‚Äù and hasn‚Äôt done a thing to help Georgians struggling during this pandemic. 

Georgia, we deserve better. 

Get out and VOTE today!",KLoeffler,1,vote,25,3,3.51449e-05
https://twitter.com/rozorazio/status/1346552220758765569,2021-01-05 20:20:41,1346552220758765569,1346547018441904132,"@KLoeffler @ReverendWarnock A vote for democrats will get you $2,000 in stimulus. &amp;get old man mitch out of senate control

A vote for loeffler is a vote for rich racists. Where was kelly when she was briefed on covid ? Did she help issue a mask mandate while 11k Georgians died ? Nope sold stocks",rozorazio,Ron Swanson,0,0,0,,,https://twitter.com/ReverendWarnock,".@ReverendWarnock obstructed a child abuse investigation, celebrated Castro, called police officers ‚Äúthugs,‚Äù and hasn‚Äôt done a thing to help Georgians struggling during this pandemic. 

Georgia, we deserve better. 

Get out and VOTE today!",KLoeffler,1,vote,25,3,3.51449e-05
https://twitter.com/rozorazio/status/1346534683958538242,2021-01-05 19:11:00,1346534683958538242,1346533295476133893,"@KLoeffler @Perduesenate A vote for democrats will get you $2,000 in stimulus. &amp;get old man mitch out of senate control

A vote for loeffler is a vote for rich racists. Where was kelly when she was briefed on covid ? Did she help issue a mask mandate while 11k Georgians died ? Nope sold stocks",rozorazio,Ron Swanson,0,0,0,,,https://twitter.com/KLoeffler,"This is Alan Dunn.

He‚Äôs a veteran who was in the ICU just 10 days ago recovering from Covid.

He waited in line today to vote for me and @Perduesenate. 

If he can vote to save our country, so can you.

God bless you, Alan! Let‚Äôs get it done, Georgia! https://t.co/43obNVbHLN",KLoeffler,-1,vote,25,3,3.51449e-05
https://twitter.com/EdenJoiner/status/1346536008620322816,2021-01-05 19:16:16,1346536008620322816,1346519208558002176,@Jim_Jordan Democrats are votes thieves! I don‚Äôt believe any of them.,EdenJoiner,YOUNG DINH,0,0,0,,,https://twitter.com/Jim_Jordan,"For nine weeks, Democrats have been afraid to have a real debate on election integrity. 

Why? https://t.co/n3hcoOi4rS",Jim_Jordan,1,Jordan Democrats,28,4,3.82949e-05
https://twitter.com/mrangelbabyGOD/status/1346523305222746117,2021-01-05 18:25:47,1346523305222746117,1337535273123581953,"@Mike_Pence @realDonaldTrump WHAT IS WRONG BY MAKING POOR AMERICANS COMFORTABLE SINCE THEY PAY PENCE, TRUMP &amp; ALL PAYCHECKS.

‚ÄúVice president Mike Pence told a large, often maskless, crowd at a Florida rally on Tuesday that Democrats want to make ‚Äúpoor people more comfortable.‚Äùhttps://t.co/KrtofLUZ7U",mrangelbabyGOD,STAIRS TO HEAVEN,1,1,0,,,https://twitter.com/Mike_Pence,We're going to keep fighting until every legal vote is counted and every illegal vote is thrown out! And we will never stop fighting to MAKE AMERICA GREAT AGAIN! üá∫üá∏ https://t.co/2cohWYxJeA,Mike_Pence,1,AMERICANS COMFORTABLE,36,29,2.04475e-05
https://twitter.com/mrangelbabyGOD/status/1346523305222746117,2021-01-05 18:25:47,1346523305222746117,1337535273123581953,"@Mike_Pence @realDonaldTrump WHAT IS WRONG BY MAKING POOR AMERICANS COMFORTABLE SINCE THEY PAY PENCE, TRUMP &amp; ALL PAYCHECKS.

‚ÄúVice president Mike Pence told a large, often maskless, crowd at a Florida rally on Tuesday that Democrats want to make ‚Äúpoor people more comfortable.‚Äùhttps://t.co/KrtofLUZ7U",mrangelbabyGOD,STAIRS TO HEAVEN,1,1,0,,,https://twitter.com/realDonaldTrump,We're going to keep fighting until every legal vote is counted and every illegal vote is thrown out! And we will never stop fighting to MAKE AMERICA GREAT AGAIN! üá∫üá∏ https://t.co/2cohWYxJeA,Mike_Pence,1,AMERICANS COMFORTABLE,36,29,2.04475e-05
https://twitter.com/mrangelbabyGOD/status/1346522963751936006,2021-01-05 18:24:26,1346522963751936006,1337535273123581953,"@Mike_Pence WHAT IS WRONG BY MAKING POOR AMERICANS COMFORTABLE SINCE THEY PAY PENCE, TRUMP &amp; ALL PAYCHECKS.

‚ÄúVice president Mike Pence told a large, often maskless, crowd at a Florida rally on Tuesday that Democrats want to make ‚Äúpoor people more comfortable.‚Äùhttps://t.co/KrtofLUZ7U",mrangelbabyGOD,STAIRS TO HEAVEN,0,1,0,,,https://twitter.com/Mike_Pence,We're going to keep fighting until every legal vote is counted and every illegal vote is thrown out! And we will never stop fighting to MAKE AMERICA GREAT AGAIN! üá∫üá∏ https://t.co/2cohWYxJeA,Mike_Pence,1,AMERICANS COMFORTABLE,36,29,2.04475e-05
https://twitter.com/local_shredder/status/1342846383297060865,2020-12-26 14:55:01,1342846383297060865,1342837685120073728,"@catturd2 Haha üòÑ üëá tell me who is the #fakepresident? #truth #trust #politics #adventure #Trump #Election2020
#Fraud #Democrats #coronavirus #news #chinavirus #RiggedElection #WakeUp #ByeDon #TrumpMeltdown https://t.co/8RbzqaFDcT",local_shredder,Enzo üá∫üá∏ü•ß,0,1,0,,,https://twitter.com/catturd2,"""Fake President"" is trending - LOL - after Trump tweeted that about Joe.",catturd2,1,Haha,38,33,1.1778000000000001e-05
https://twitter.com/local_shredder/status/1340573240683618304,2020-12-20 08:22:21,1340573240683618304,1340297686625488905,"@catturd2 ü§Ø

#truth #trust #politics #adventure #Trump #Election2020
#Fraud #Democrats #coronavirus #news #Newsmax #chinavirus #Dominion #RiggedElection #WakeUp #WakeUpAmerica #TrumpMeltdown",local_shredder,Enzo üá∫üá∏ü•ß,0,0,0,,,https://twitter.com/catturd2,Why hasn't Joe Biden taken the vaccine on live TV yet?,catturd2,-1,Trump,38,33,1.1778000000000001e-05
https://twitter.com/barbierocker234/status/1346569910747418624,2021-01-05 21:30:59,1346569910747418624,1346528407815905280,@PhillyInquirer So is only Democrats but not republicans,barbierocker234,barbierocker,0,0,0,,,https://twitter.com/PhillyInquirer,"The new session of the Pennsylvania Senate got off to a chaotic start Tuesday, with Republicans taking the rare step of removing the Democratic lieutenant governor, John Fetterman, from running the session.
https://t.co/zREQYrOkLU",PhillyInquirer,1,Democrats,47,41,3.2170000000000003e-07
https://twitter.com/patriot4trump7/status/1346552302333734919,2021-01-05 20:21:01,1346552302333734919,1342464642375962624,@Phillyguy60 @Mike_Pence @SecondLady And let the democrats win? Are you crazy?,patriot4trump7,Faith McLamb,1,0,0,,,https://twitter.com/Phillyguy60,.@SecondLady and I wish you and your family every blessing and a very Merry Christmas! https://t.co/WAC5WVVzbg,Mike_Pence,1,Mike,49,29,8.3391e-06
https://twitter.com/patriot4trump7/status/1346552302333734919,2021-01-05 20:21:01,1346552302333734919,1342464642375962624,@Phillyguy60 @Mike_Pence @SecondLady And let the democrats win? Are you crazy?,patriot4trump7,Faith McLamb,1,0,0,,,https://twitter.com/Mike_Pence,.@SecondLady and I wish you and your family every blessing and a very Merry Christmas! https://t.co/WAC5WVVzbg,Mike_Pence,1,Mike,49,29,8.3391e-06
https://twitter.com/tristkiss/status/1346449857700126722,2021-01-05 13:33:56,1346449857700126722,1346442463095959552,"@Mike_Pence @Perduesenate @KLoeffler According to President-Elect Joe Biden, if Democrats Jon Ossoff and Rev. Raphael Warnock beat incumbent Republican Sens. Kelly Loeffler and David Perdue in today's Georgia runoff elections, then ""$2,000 checks will go out the door.""
#VoteWarnockOssofftoday https://t.co/j8Fqns0meX",tristkiss,tristkiss üá∫üá¶üá∫üá∏Democracy Is On The Line,0,0,0,,,https://twitter.com/Mike_Pence,It‚Äôs Election Day in Georgia! Get out and VOTE to DEFEND THE MAJORITY! VOTE for @Perduesenate and @KLoeffler! #HoldTheLine üá∫üá∏ https://t.co/uulmKMYYKq,Mike_Pence,-1,Joe Biden,50,29,5.5435e-06
https://twitter.com/tristkiss/status/1346449857700126722,2021-01-05 13:33:56,1346449857700126722,1346442463095959552,"@Mike_Pence @Perduesenate @KLoeffler According to President-Elect Joe Biden, if Democrats Jon Ossoff and Rev. Raphael Warnock beat incumbent Republican Sens. Kelly Loeffler and David Perdue in today's Georgia runoff elections, then ""$2,000 checks will go out the door.""
#VoteWarnockOssofftoday https://t.co/j8Fqns0meX",tristkiss,tristkiss üá∫üá¶üá∫üá∏Democracy Is On The Line,0,0,0,,,https://twitter.com/KLoeffler,It‚Äôs Election Day in Georgia! Get out and VOTE to DEFEND THE MAJORITY! VOTE for @Perduesenate and @KLoeffler! #HoldTheLine üá∫üá∏ https://t.co/uulmKMYYKq,Mike_Pence,-1,Joe Biden,50,29,5.5435e-06
https://twitter.com/tristkiss/status/1346445434118696960,2021-01-05 13:16:21,1346445434118696960,1346441316557733888,"@ReverendWarnock According to President-Elect Joe Biden, if Democrats Jon Ossoff and Rev. Raphael Warnock beat incumbent Republican Sens. Kelly Loeffler and David Perdue in today's Georgia runoff elections, then ""$2,000 checks will go out the door.""
https://t.co/Qmts6ElRFY",tristkiss,tristkiss üá∫üá¶üá∫üá∏Democracy Is On The Line,0,0,0,,,https://twitter.com/ReverendWarnock,"Georgia, let‚Äôs seal the deal! Get out and vote: https://t.co/nNbOv8AbBJ https://t.co/xsymshzTIr",ReverendWarnock,1,Joe Biden,50,49,9.3362e-06
https://twitter.com/JammoPub/status/1346548736978161666,2021-01-05 20:06:51,1346548736978161666,1346535688733265921,"@JoeBiden Yeah, like if you see the Democrats running your ballot through a hundred times... you'll know there's a problem.
.
That's how it works now, right @JoeBiden ?
.
#StopTheSteaI #Trump2020 #TrumpWon",JammoPub,JAMMO_pub,0,0,0,,,https://twitter.com/JoeBiden,"Georgia ‚Äî If you have any questions today while voting, reach out to the Voter Protection Hotline: 1-888-730-5816",JoeBiden,1,Democrats running,51,1,1.70485e-05
https://twitter.com/ronald_tray/status/1346529453460004864,2021-01-05 18:50:13,1346529453460004864,1346529169719627780,@thehill If Georgia voters elect the Democrats this country is heading toward marxism. Wealthy Americans must sell off their assets and move their money offshore. We must not fund socialism with wealth created by capitalism.,ronald_tray,Ronald Tray,0,0,0,,,https://twitter.com/thehill,Tyler Perry flies to Georgia to vote in person after absentee ballot fails to arrive https://t.co/cCs6hF7e1v https://t.co/eaCxO4VN5P,thehill,1,Georgia voters,62,2,1.84156e-05
https://twitter.com/ronald_tray/status/1346529392290238464,2021-01-05 18:49:59,1346529392290238464,1346529289932591108,@thehill If Georgia voters elect the Democrats this country is heading toward marxism. Wealthy Americans must sell off their assets and move their money offshore. We must not fund socialism with wealth created by capitalism.,ronald_tray,Ronald Tray,2,0,0,,,https://twitter.com/thehill,"Voters cast their ballots as the polls open at a location in Cobb County, Georgia. https://t.co/6IEkhMs1mT",thehill,1,Georgia voters,62,2,1.84156e-05
